<?xml version="1.0" encoding="UTF-8"?>
<beans  
    xmlns="http://www.springframework.org/schema/beans"  
    xmlns:xsi="http://www.w3.org/2001/XMLSchema-instance"  
    xmlns:p="http://www.springframework.org/schema/p"  
    xsi:schemaLocation="http://www.springframework.org/schema/beans  
        http://www.springframework.org/schema/beans/spring-beans-3.0.xsd">  
  
  
    <bean id="dataSource" class="org.apache.commons.dbcp.BasicDataSource">  
        <property name="driverClassName"  value="com.mysql.jdbc.Driver"></property>  
        <property name="url" value="jdbc:mysql://localhost:3306/Spring_Orm"></property>  
        <property name="username" value="root"></property>  
        <property name="password" value="root"></property>  
    </bean>  
      
    <bean id="sessionFactory"  class="org.springframework.orm.hibernate5.LocalSessionFactoryBean">  
        <property name="packagesToScan">
      <list>
        <value>Com.Aartek.Model</value>
      </list>
    </property>
    <property name="dataSource">
      <ref bean="dataSource" />
    </property>  
          
        <property name="hibernateProperties">  
            <props>  
                <prop key="hibernate.dialect">org.hibernate.dialect.MySQL5Dialect</prop>  
                <prop key="hibernate.hbm2ddl.auto">update</prop>  
                <prop key="hibernate.show_sql">true</prop>  
                  
            </props>  
        </property>  
    </bean>  
    
    <!-- App Custom Message Properties And For Localization Config -->
  <bean id="messageSource" class="org.springframework.context.support.ResourceBundleMessageSource">
    <property name="basenames">
      <list>
        <value>msg</value>
    
      </list>
    </property>
  </bean>
    
    
    
    
      
    <bean id="template" class="org.springframework.orm.hibernate5.HibernateTemplate">  
    <property name="sessionFactory" ref="sessionFactory"></property>  
    <property name="checkWriteOperations" value="false"></property>  
    </bean>  
      
     
      
      
    </beans>  
